{
  "xpireItems" : [ {
    "name" : "asd332442334324234234234324234asdadslksfdhjlk",
    "expiryDate" : "11/12/2020",
    "quantity" : "1",
    "reminderThreshold" : "0",
    "tags" : [ ]
  }, {
    "name" : "asd334324234234234324234asdadslksfdhjlk",
    "expiryDate" : "11/12/2020",
    "quantity" : "2",
    "reminderThreshold" : "0",
    "tags" : [ ]
  }, {
    "name" : "asd3asdadslksfdhjlk",
    "expiryDate" : "11/12/2020",
    "quantity" : "2",
    "reminderThreshold" : "0",
    "tags" : [ ]
  }, {
    "name" : "asdf32442334324234234234324234asdadslksfdhjlk",
    "expiryDate" : "11/12/2020",
    "quantity" : "1",
    "reminderThreshold" : "0",
    "tags" : [ ]
  }, {
    "name" : "asdf32442334324e34234234324234asdadslksfdhjlk",
    "expiryDate" : "11/12/2020",
    "quantity" : "1",
    "reminderThreshold" : "0",
    "tags" : [ ]
  }, {
    "name" : "asdf32442334324e34234234354234asdadslksfdhjlk",
    "expiryDate" : "11/12/2020",
    "quantity" : "1",
    "reminderThreshold" : "0",
    "tags" : [ ]
  }, {
    "name" : "asdf32442334324e342a4234354234asdadslksfdhjlk",
    "expiryDate" : "11/12/2020",
    "quantity" : "1",
    "reminderThreshold" : "0",
    "tags" : [ ]
  }, {
    "name" : "asdf32442334324e342a42343542f4asdadslksfdhjlk",
    "expiryDate" : "11/12/2020",
    "quantity" : "1",
    "reminderThreshold" : "0",
    "tags" : [ ]
  }, {
    "name" : "asdf32442334324e342a42343542f4asdaeslksfdhjlk",
    "expiryDate" : "11/12/2020",
    "quantity" : "1",
    "reminderThreshold" : "0",
    "tags" : [ ]
  }, {
    "name" : "asdf32442334324e342e4234354234asdadslksfdhjlk",
    "expiryDate" : "11/12/2020",
    "quantity" : "1",
    "reminderThreshold" : "0",
    "tags" : [ ]
  }, {
    "name" : "asdf32442334324e342f4234354234asdadslksfdhjlk",
    "expiryDate" : "11/12/2020",
    "quantity" : "2",
    "reminderThreshold" : "0",
    "tags" : [ ]
  }, {
    "name" : "asdf32442334324s34234234324234asdadslksfdhjlk",
    "expiryDate" : "11/12/2020",
    "quantity" : "1",
    "reminderThreshold" : "0",
    "tags" : [ ]
  }, {
    "name" : "asdf32442334324w34234234324234asdadslksfdhjlk",
    "expiryDate" : "11/12/2020",
    "quantity" : "1",
    "reminderThreshold" : "0",
    "tags" : [ ]
  }, {
    "name" : "asdf324d2334324e342a42343542f4asdaeslksfdhjlk",
    "expiryDate" : "11/12/2020",
    "quantity" : "1",
    "reminderThreshold" : "0",
    "tags" : [ ]
  }, {
    "name" : "asdf324d2f34324e342a42343542f4asdaeslksfdhjlk",
    "expiryDate" : "11/12/2020",
    "quantity" : "1",
    "reminderThreshold" : "0",
    "tags" : [ ]
  }, {
    "name" : "asdf324d2f34324e342a42343d42f4asdaeslksfdhjlk",
    "expiryDate" : "11/12/2020",
    "quantity" : "1",
    "reminderThreshold" : "0",
    "tags" : [ ]
  }, {
    "name" : "asdf324d2f34324e342a42343e42f4asdaeslksfdhjlk",
    "expiryDate" : "11/12/2020",
    "quantity" : "2",
    "reminderThreshold" : "0",
    "tags" : [ ]
  }, {
    "name" : "asdsdasda",
    "expiryDate" : "11/12/2019",
    "quantity" : "3",
    "reminderThreshold" : "0",
    "tags" : [ ]
  }, {
    "name" : "asdsdasdadslksfdhjlk",
    "expiryDate" : "11/12/2020",
    "quantity" : "2",
    "reminderThreshold" : "0",
    "tags" : [ ]
  }, {
    "name" : "asdsdasdafds",
    "expiryDate" : "11/12/2019",
    "quantity" : "4",
    "reminderThreshold" : "0",
    "tags" : [ ]
  }, {
    "name" : "Coco Crunch",
    "expiryDate" : "11/11/2020",
    "quantity" : "878",
    "reminderThreshold" : "0",
    "tags" : [ "1234567890abcdefghij", "Breakfast", "Chocolate" ]
  }, {
    "name" : "dfdsfdsfsdfdsf",
    "expiryDate" : "11/12/2020",
    "quantity" : "1",
    "reminderThreshold" : "0",
    "tags" : [ ]
  }, {
    "name" : "dfjhsfhdsjfhdsssf",
    "expiryDate" : "11/12/2020",
    "quantity" : "1",
    "reminderThreshold" : "0",
    "tags" : [ ]
  }, {
    "name" : "dfjhsfhdsjfhdsssfdsfsdfsdfsdfdsfdsfsd",
    "expiryDate" : "11/12/2020",
    "quantity" : "1",
    "reminderThreshold" : "0",
    "tags" : [ ]
  }, {
    "name" : "dfjhsfhdsjfhdsssffdfdssdfdsfsdfsdfsdfdsfdsfsd",
    "expiryDate" : "11/12/2020",
    "quantity" : "2",
    "reminderThreshold" : "0",
    "tags" : [ ]
  }, {
    "name" : "dfjhsfhdsjfhdsssfffdssdfdsfsdfsdfsdfdsfdsfsd",
    "expiryDate" : "11/12/2020",
    "quantity" : "1",
    "reminderThreshold" : "0",
    "tags" : [ ]
  }, {
    "name" : "dfjhsfhdsjfhdsssffsdfdsfsdfsdfsdfdsfdsfsd",
    "expiryDate" : "11/12/2020",
    "quantity" : "1",
    "reminderThreshold" : "0",
    "tags" : [ ]
  }, {
    "name" : "dfjhsfhdsjfhdsssffsdfsdfdsfdsfsd",
    "expiryDate" : "11/12/2020",
    "quantity" : "1",
    "reminderThreshold" : "0",
    "tags" : [ ]
  }, {
    "name" : "dfsdfjsdkfjkdsjfkdsjfsd",
    "expiryDate" : "11/12/2020",
    "quantity" : "1",
    "reminderThreshold" : "0",
    "tags" : [ ]
  }, {
    "name" : "dfsfjslkdjflkdsfjsldkf",
    "expiryDate" : "11/12/2020",
    "quantity" : "1",
    "reminderThreshold" : "0",
    "tags" : [ ]
  }, {
    "name" : "dlsufsdfusdfdsfdsfdsf",
    "expiryDate" : "11/12/2020",
    "quantity" : "1",
    "reminderThreshold" : "0",
    "tags" : [ ]
  }, {
    "name" : "dsfjsdlfjkdsflkdsjflds",
    "expiryDate" : "11/12/2020",
    "quantity" : "1",
    "reminderThreshold" : "0",
    "tags" : [ ]
  }, {
    "name" : "dsjfdsjfkdsfjdskjf",
    "expiryDate" : "11/12/2020",
    "quantity" : "1",
    "reminderThreshold" : "0",
    "tags" : [ ]
  }, {
    "name" : "dsjhfjdshfjdshfjdsf",
    "expiryDate" : "11/12/2020",
    "quantity" : "1",
    "reminderThreshold" : "0",
    "tags" : [ ]
  }, {
    "name" : "dslkjflkdsjflkdsjfldskjf",
    "expiryDate" : "11/12/2020",
    "quantity" : "1",
    "reminderThreshold" : "0",
    "tags" : [ ]
  }, {
    "name" : "fdsfsdfsdfdfdsf",
    "expiryDate" : "11/12/2020",
    "quantity" : "1",
    "reminderThreshold" : "0",
    "tags" : [ ]
  }, {
    "name" : "fshdsfjdslfljkdsjfldskjf",
    "expiryDate" : "11/12/2020",
    "quantity" : "1",
    "reminderThreshold" : "0",
    "tags" : [ ]
  }, {
    "name" : "Ice Cream",
    "expiryDate" : "11/11/2020",
    "quantity" : "878",
    "reminderThreshold" : "0",
    "tags" : [ ]
  }, {
    "name" : "iutreoiut84erfr",
    "expiryDate" : "11/12/2020",
    "quantity" : "1",
    "reminderThreshold" : "0",
    "tags" : [ ]
  }, {
    "name" : "Jeremy Vaseline",
    "expiryDate" : "11/11/2020",
    "quantity" : "878",
    "reminderThreshold" : "0",
    "tags" : [ "Lube", "Moisturiser" ]
  }, {
    "name" : "kjhgdshfsdjfldsjfds",
    "expiryDate" : "11/12/2020",
    "quantity" : "1",
    "reminderThreshold" : "0",
    "tags" : [ ]
  }, {
    "name" : "lkjewuiweurpefsdflkdsjflkdsjf",
    "expiryDate" : "11/12/2020",
    "quantity" : "1",
    "reminderThreshold" : "0",
    "tags" : [ ]
  }, {
    "name" : "mcxnvsdfs fsdfsdfsd fsdf",
    "expiryDate" : "11/12/2020",
    "quantity" : "1",
    "reminderThreshold" : "0",
    "tags" : [ ]
  }, {
    "name" : "or04ejgkkdsf",
    "expiryDate" : "11/12/2020",
    "quantity" : "1",
    "reminderThreshold" : "0",
    "tags" : [ ]
  }, {
    "name" : "skjsfhfdsgysiut",
    "expiryDate" : "11/12/2020",
    "quantity" : "1",
    "reminderThreshold" : "0",
    "tags" : [ ]
  } ],
  "replenishItems" : [ {
    "name" : "Strawberry",
    "tags" : [ ]
  } ]
}